Name,Price(LKR)
Cartinoe Screen-Protector Notebook Laptop Msi Gv62 Universal Gl63 Crystal-Guard-Film,"LKR 2,144.70"
Film Laptop Leopard Protective-Film Screen-Protector for MSI Dustproof Anti-Scratch GP72M,"LKR 2,469.20"
Monitor Laptop Protective-Film Screens Computer for MSI Gs63vr/6rf/Stealth-pro,"LKR 2,469.20"
Screen-Protector Laptop Protective-Film Hd-Screen for Easy-Install High-Definition No-Glue,"LKR 2,469.20"
Protector-Film Laptop TITAN SCREEN-FILTER Notebook Privacy for MSI 345mm--195mm GT75,"LKR 2,469.20"
Protective-Film Laptop-Monitor-Screen Leopard Widescreen for PC MSI GP73 8RE,"LKR 2,469.20"
Computer-Accessories Laptop-Screen TITAN Protective-Film for MSI Gt73evr/7re/Titan,"LKR 2,469.20"
Monitor Laptop Protective-Film Screens Notebook Computer Creator New for MSI 8RE P65,"LKR 2,469.20"
Privacy Filter Laptop Screen protector Protective film For MSI GE62 7RE Apache Pro,"LKR 2,469.20"
Film Protective-Film Laptop-Screen-Protector for MSI Gl72m/7rdx Dustproof Anti-Scratch,"LKR 2,469.20"
Screen-Protector Laptop Protective-Film Notebook Creator Anti-Glare for MSI 8RF P65,"LKR 2,469.20"
Screen-Protector Laptop Protective-Film Hd-Screen for Easy-Install High-Definition No-Glue,"LKR 2,469.20"
Protector-Film Laptop Titan Notebook PRIVACY-SCREEN-FILTER for SLI MSI Anti-Peeping GT83VR,"LKR 2,469.20"
Glasses Laptop Screen-Protector Protective-Film for MSI Gp62/7rdx/Leopard Model Anti-Scratch,"LKR 2,469.20"
Screen-Protector Laptop Notebook Anti-Glare for MSI Gt72vr/6re/Dominator/Pro Tobii Anti-Scratching,"LKR 2,469.20"
Screen-Protector Laptop Protective-Film Notebook Anti-Glare for MSI Ge62vr/7rf Apache-Pro,"LKR 2,469.20"
Computer Laptop PROTECTING-FILTER Screens Privacy for MSI Gl62m/7rex Anti-Peeping High-Quality,"LKR 2,469.20"
NoteBook Privacy Filter Anti spy Screens protective Laptop film for MSI GL73 8RC,"LKR 2,469.20"
Laptop-Film Leopard Screens PRIVACY-FILTER Protective Anti-Spy for MSI GP63 8RD High-Quality,"LKR 2,469.20"
Screen-Protector Laptop Titan GT63 Notebook Anti-Glare for MSI Anti-Scratching 8RG,"LKR 2,469.20"
Protective-Film LAPTOP-PRIVACY-FILTER Anti-Spy-Screens for MSI Gs73/7re/Stealth-pro High-Quality,"LKR 2,469.20"
Screens-Protector Laptop Monitor Protective-Film Computer Black for MSI Gl65/9sdk Dustproof,"LKR 2,469.20"
Laptop Privacy Filter Anti spy Screens protective film for MSI GT83 TITAN 8RF,"LKR 2,469.20"
Screen-Protector Laptop Protective-Film Notebook Anti-Glare for MSI Gl62m/7rdx,"LKR 2,469.20"
PRIVACY-FILTER Laptop Leopard Anti-Spy-Screens for MSI GP62MX 2223 High-Quality,"LKR 2,469.20"
Screen-Protector Laptop Notebook Anti-Glare for MSI Gl62/7qf Anti-Scratching High-Quality,"LKR 2,469.20"
PROTECTING-FILTER Laptop Computer Screens Privacy for MSI Workstation Ws63/8sl Anti-Peeping,"LKR 2,469.20"
Protective-Film Laptop Notebook Anti-Glare for Mac Clear Lention MSI GV62 7RD,"LKR 2,469.20"
PRIVACY-FILTER Laptop-Film Screens-Film Notebook Protective Anti-Peeping-Screen for Workstation,"LKR 2,469.20"
Protective-Film Laptop-Monitor-Screen Widescreen Creator for PC MSI 8RD P65,"LKR 2,469.20"
Privacy Filter Anti spy Screens protective Laptop film for MSI GT75VR 7RF TITAN PRO,"LKR 2,469.20"
Monitor Laptop Protective-Film Computer Anti-Spy-Screen for MSI Gl62/6qd,"LKR 2,469.20"
Computer-Accessories Laptop-Screen Eye-Protection for MSI Gs73/stealth-8rd,"LKR 2,469.20"
Computer Laptop Leopard PROTECTING-FILTER Screens Privacy for MSI GP62M 7RDX Anti-Peeping,"LKR 2,469.20"
Protector-Film Laptop Msi Gl73 Notebook PRIVACY-SCREEN-FILTER for Anti-Peeping 8RD Big-Inch,"LKR 2,469.20"
Screens-Protector Laptop Msi Pe60 Monitor PRIVACY-FILTER Computer Pc/notebook-Film,"LKR 2,469.20"
Monitor Laptop Workstation Protective-Film Screens Computer for MSI Wt72/6ql,"LKR 2,469.20"
PRIVACY-FILTER Laptop TITAN Notebook Anti-Glare-Screen for SLI MSI Small-Inch 7RF GT83VR,"LKR 2,469.20"
Protective-Film Laptop Screen-Protector Glass for MSI Gt73evr/7rf/Titan-pro Model Anti-Scratch,"LKR 2,469.20"
PRIVACY-FILTER Laptop-Film Screens-Film Notebook Protective Anti-Peeping-Screen for 20E,"LKR 2,469.20"
PRIVACY-FILTER Laptop Notebook Anti-Glare-Screen for Workstation MSI Small-Inch WS63,"LKR 2,469.20"
Protective-Film Laptop Notebook Anti-Glare for Mac Clear Lention Raider GE73VR MSI 7RE,"LKR 2,469.20"
Privacy Filter Laptop Screen protector Protective film For MSI GP72M 7REX Leopard Pro,"LKR 2,469.20"
PRIVACY-FILTER Laptop Leopard Notebook Pet-Screens Anti-Spy for MSI 7RD High-Quality,"LKR 2,469.20"
Protector-Film Laptop Notebook PRIVACY-SCREEN-FILTER for Workstation MSI Anti-Peeping,"LKR 2,469.20"
PROTECTING-FILTER Laptop Computer Screens Privacy for Msi-Pro 24-7m Anti-Peeping High-Quality,"LKR 2,469.20"
Monitor Laptop Anti-Glare Screen-Protector Protective-Film Notebook Computer for MSI,"LKR 2,469.20"
Film Protective-Film Laptop-Screen-Protector for MSI Gv72/8rd Dustproof Anti-Scratch,"LKR 2,469.20"
Screen-Protector Laptop Protective-Film Notebook Anti-Glare for MSI Gv62/7rc,"LKR 2,469.20"
Film Laptop Prestige Protective-Film Screen-Protector for MSI P65/9se Dustproof Anti-Scratch,"LKR 2,469.20"
Screen-Saver Laptop Protective-Film for Workstation 7RL MSI WS63VR 1set,"LKR 2,469.20"
Screen-Protector Laptop Protective-Film Hd-Screen for Easy-Install High-Definition No-Glue,"LKR 2,469.20"
Screen-Protector GF63 Laptop-Protective-Film Privacy Anti-Spy for MSI 8SC TPU Durable,"LKR 2,469.20"
PRIVACY-FILTER Laptop Prestige PS42 Notebook Pet-Screens Anti-Spy for MSI Ps42/Modern/8ra,"LKR 2,469.20"
Screen-Protector Laptop Protective-Film Notebook Anti-Glare for MSI Workstation Ws63/8sk,"LKR 2,469.20"
Screen-Saver Laptop Msi Gl63 Protective-Film for 8SD 1set,"LKR 2,469.20"
Glasses Laptop Screen-Protector Protective-Film for MSI Gl62m/7rd Model Anti-Scratch,"LKR 2,469.20"
Screen-Protector Laptop Hd-Screen Protective-Film for Easy-Install High-Definition No-Glue,"LKR 2,469.20"
Screen-Saver Laptop Protective-Film for 20E MSI 7NC 1set,"LKR 2,469.20"
Screen-Protector Laptop Protective-Film Notebook Anti-Glare for MSI Workstation We63/8sj,"LKR 2,469.20"
Protective-Film Laptop Msi Ps42 Modern Notebook Anti-Glare for Mac Clear Lention 8RC,"LKR 2,469.20"
Computer-Accessories Laptop-Screen Msi Gl63 Protective-Film for 9RDS,"LKR 2,469.20"
PRIVACY-FILTER Laptop-Film Screens-Film Notebook Protective Anti-Peeping-Screen for GE62,"LKR 2,469.20"
Removable Laptop Privacy Monitor Screen-Protector Computer Protective-Anti-Spy-Film,"LKR 2,469.20"
Jumper Quad-Core Notebook Laptop 14inch Windows-10 Intel FHD 1080P EU A5 4GB 64GB Z8350,"LKR 36,028.94"
Protector-Film Laptop Widescreen Privacy Notebook for 16:9 345mm--195mm Anti-Peeping,"LKR 2,508.36"
Maibenben Laptop Netbook Tn-Screen Amd Ryzen SSD 8-Graphics/8g 5-2500u Damai for Office,"LKR 95,112.35 - 126,816.47"
LHMZNIY Webcam Laptop Gaming Ram-Windows Bt-Wifi Intel I7 10 Notebook 4500U Student 16GB,"LKR 84,957.71 - 98,750.87"
Kingspec Solid-State-Drive Hdd Ssd Laptop Hard-Disk Desktop Internal 2280 Asrock NVME,"LKR 5,268.48 - 21,741.57"
Goldenfir Hdd Laptop Hard-Drive Desktop M.2 Ssd Solid-State-Disk MSI Internal 2280 Asro,"LKR 5,067.07 - 62,270.62"
Kingspec Hard-Drive HDD Laptop Ssd M.2 MSI Internal 2280 M2 Ssd 1TB 120GB Nvme 2TB 500GB,"LKR 4,285.66 - 22,946.33"
Lcd-Screen Laptop Ips-Display X230 Lp125wh2 Slt1 K29x220 LENOVO for S230u/K27/K29x220/X230,"LKR 5,967.84"
Cartinoe Screen-Protector Anti-Blue-Light Lcd-Guard-Film Notebook Laptop 14inch for 14-16:9/Aspect/Ratio/..,"LKR 3,170.42"
Cartinoe Screen-Protector Guard-Film Lcd-Screen Laptop Anti-Glare Hp Envy X360 for X360/13/13-agxxxx-series/..,"LKR 3,170.42"
Cartinoe Screen-Protector Lcd-Screen Laptop Anti-Blue-Light Hp Envy Guard-Film for 13/13-ah-series/Ah0010tx,"LKR 3,170.42"
Cartinoe Screen-Protector Lcd-Screen Notebook Laptop Lenovo 720s Guard-Film 14inch,"LKR 2,144.70"
Msi Ge72 LAPTOP for GE62 WITH I5-4210HQ And Ms-16j11 Test-Ok Gtx965m Original,"LKR 48,488.65"
For MSI MS-AE6B1 Laptop MOTHERBOARD I7-4720 GTX960M 100% WORK PERFECTLY,"LKR 100,699.74"
For MSI GE60 Laptop Motherboard MS-16GA1 VER: 1.1 GT650M DDR3 Non-integrated,"LKR 20,963.89"
Original MS-1756 FOR MSI GE70 LAPTOP MOTHERBOARD MS-17561 REV 1.0 / 1.1 Test OK,"LKR 27,041.75"
GP60 Msi Ge60 Laptop for Ms-16gh/ms-16gh1 WITH GTX840M AND Sr15g-Cpu/fully-Tested Original,"LKR 37,481.73"
Laptop Motherboard MSI GT83VR FOR WITH I7-7700hq-Cpu Fully-Tested MS-18151 Original,"LKR 121,221.62"
Ethernet-Board GE60 LAPTOP for VGA USB MSI MS-16GAA,"LKR 2,797.43"
MS-175A Laptop for MSI GE70 Gp70/Laptop/Motherboard WITH CPU Sr1q0/Ms-175a/Ms-175a1/Fully-tested,"LKR 42,888.21"
"Laptop Carbon fiber Vinyl Skin Sticker Cover For MSI P65 Creator 15.6""","LKR 2,573.63 - 2,916.78"
13-15.6 inch Laptop Bag Sleeve Case for Macbook Air Pro/Dell Inspiron/Toshiba/Acer Aspire,"LKR 2,832.86 - 2,982.06"
Back-Cover Bezel MSI MS-1792 Apache-Pro 6QF 6QD 6QE LCD Front New,"LKR 4,768.68 - 9,539.21"
Us-Keyboard X320x300 X340x400 MSI for X320x300/X340x400/Tastatur/.. Black Laptop NEW,"LKR 1,652.35"
Video-Graphics-Card Laptop MXM GTX980M for Msi/clevo GDDR5 N16E-GX-A1 8GB Original,"LKR 46,791.55"
GZEELE Back-Cover GS63VR Stealth-Pro Laptop-Top for MSI 3076k3a22hg01/6rf/Stealth-pro/Ms-16k2,"LKR 7,385.20"
Laptop Motherboard GT72 I7-6820 MSI FOR Ms-17851/Ver/1.0/..,"LKR 122,275.32"
Laptop Motherboard MSI MS-1761 FOR Gt780/gt780dx Test-Ok REV Original,"LKR 19,581.96"
Top-Case Laptop Lcd-Cover for MSI Ge73/Ge73vr/7rf-006cn/Laptop Rear Lid Housing-Cabinet,"LKR 9,735.03"
GZEELE Axis-Cover GT72 Laptop for MSI Gt72/Ms-1781/Ms-1782/.. NEW,"LKR 9,436.64"
Palm rest shell suitable for MSI GS65 GS65VR MS-16Q5 laptop keyboard frame upper case,"LKR 9,205.39"
Cooling-Fan Laptop Msi for Ge62mvr/Ge72mvr/Ms-16jc/.. Paad06015sl-N376 N374,"LKR 5,406.49"
Russian Keyboard For MSI CX620 GX660 CX623 CX705 FX600 GE620 laptop keyboard black,"LKR 3,506.11"
Ribbon-Cable Laptop for MSI Cr420/Cr400/Ms145x1452/.. K19-3017005-V03,LKR 844.83
Fan Cooling-Fan Cpu Cooler Radiators Laptop PAAD0615SL New for MSI Ge70/Ms-1756/Ms-1757/..,LKR 820.58
Fan Cooling-Fan Laptop PAAD06015SL for MSI Ge62vr/Gl62m/Gl62vr/.. 4PIN N371,"LKR 2,528.87"
